videoId,title,description,channelTitle,videoPublishedAt,tags,viewCount,videoLikeCount,videoCommentCount
2JsmSs3oPjc,Russia in 'far worse position now' than during 2022 talks | Michael Clarke analysis,"Russia is in a ""far worse position now"" compared to 2022, when direct negotiations with Ukraine last took place, security and defence analyst, Professor Michael Clarke, has been telling Sky News. 

Speaking with talks between Russia and Ukraine underway in Istanbul, Clarke said: ""Compared to 2022, the Russians are in a far worse position now than they were then because in 2022, they thought, 'it's only a matter of time before we take the whole country'. ""

Read more: https://news.sky.com/story/ukraine-war-latest-peace-talks-zelenskyy-putin-istanbul-crimea-baltic-nato-jet-clarke-frontline-turkey-erdogan-12541713

#ukraine #russia #war #analysis #worldnews 

SUBSCRIBE to our YouTube channel for more videos: http://www.youtube.com/skynews 
Follow us on Twitter: https://twitter.com/skynews 
Like us on Facebook: https://www.facebook.com/skynews 
Follow us on Instagram: https://www.instagram.com/skynews 
Follow us on TikTok: https://www.tiktok.com/@skynews 

For more content go to http://news.sky.com and download our apps: Apple https://itunes.apple.com/gb/app/sky-news/id316391924?mt=8 Android https://play.google.com/store/apps/details?id=com.bskyb.skynews.android&hl=en_GB 

Sky News Daily podcast is available for free here: https://podfollow.com/skynewsdaily/ 

Sky News videos are now available in Spanish here/Los video de Sky News est√°n disponibles en espa√±ol aqu√≠: https://www.youtube.com/channel/UCzG5BnqHO8oNlrPDW9CYJog 

To enquire about licensing Sky News content, you can find more information here: https://news.sky.com/info/library-sales",Sky News,2025-05-16T14:37:44Z,ukraine;russia;war;conflict;analysis;professor michael;clarke;world;news,392688,4944,1558
lNOpwpzpvCk,Ukraine war: Putin no show at peace talks in Turkey,"The talks in Turkey were supposed to involve the presidents of Ukraine, Russia and possibly the USA. And they were supposed to usher in peace, or at least a ceasefire. Instead, Russia sent some low level officials while Vladimir Putin remained very much at home. 

(Subscribe: https://bit.ly/C4_News_Subscribe) 

Volodymyr Zelenskyy has travelled to Turkey but dismissed the Russian delegation as merely ""decorative"".  The Russian foreign ministry in turn called him a 'loser and a clown'. 

-----------------------  
Follow us:
Facebook - https://www.facebook.com/Channel4News/
Twitter - https://twitter.com/Channel4News
TikTok - https://www.tiktok.com/@c4news
Instagram - https://www.instagram.com/channel4news/",Channel 4 News,2025-05-15T18:33:25Z,Russia;Ukraine;Turkey;Ankara;Russia Ukraine War;Ukraine Conflict;Geopolitics;International Relations;War News;Ukraine Crisis;Russia vs Ukraine;Global Affairs;Current Events;Political Analysis;volodymyr zelenskyy;vladimir putin;putin;zelenskyy;trump;peace talks;ukraine peace;channel 4 news,59567,289,472
4CTei0kDQ4g,Ukraine war: Russia launches attack after rejecting ceasefire deal  | LiveNOW from FOX,"Russia launched more than 100 Shahed and decoy drones at Ukraine overnight. The Ukrainian air force revealed this came after the Kremlin rejected an unconditional 30-day ceasefire in the more than 3-year war.

Subscribe to LiveNOW from FOX! https://www.youtube.com/livenowfox?sub_confirmation=1
Where to watch LiveNOW from FOX: https://www.livenowfox.com/
Follow us @LiveNOWFOX on Twitter: https://twitter.com/livenowfox

Raw and unfiltered. Watch a non-stop stream of breaking news, live events and stories across the nation. Limited commentary. No opinion. Experience LiveNOW from FOX.",LiveNOW from FOX,2025-05-12T09:44:38Z,news;livenow-from-fox;video;russia;ukraine;war in ukraine;trump;russia attack;putin;zelenskyy;zelensky;ukraine russia;us russia;russian;putin trump;ukraine peace talks;latest ukraine;russia ukraine war map;ukraine breaking news today,121768,746,720
FhSgx_IoQ-Y,Satellite images show Putin massing Russian troops on border with Finland,"Satellite images show Putin building up a substantial military presence on the Finnish border.

Images obtained by Swedish broadcaster SVT show four locations have seen a significant increase in activity.

NATO member Finland heavily protects its eastern border.

In 2022, a border fence was erected to provide more defence against a Russian invasion.

Following Finland‚Äôs accession to NATO, Kremlin officials threatened ‚Äòmilitary-technical response measures‚Äô.

This move shows a worrying war stance being adopted by Putin on Russia‚Äôs north-east border.



Subscribe to The Sun: https://www.youtube.com/channel/UCIzXayRP7-P0ANpq-nD-h5g?sub_confirmation=1

Get The Sun's latest news, exclusives, sport, celebrities, showbiz, politics, business and lifestyle.

Read The Sun: https://www.thesun.co.uk/?utm_source=youtube&utm_medium=social&utm_campaign=sunyoutubesitelink
Like The Sun on Facebook: https://www.facebook.com/thesun/
Follow The Sun on X: https://twitter.com/TheSun
Follow The Sun on TikTok: https://www.tiktok.com/@thesun
Subscribe to The Sun on Snapchat: https://www.snapchat.com/discover/The_Sun/1633225139

#russia #russiaukrainewar #putin",The Sun,2025-05-12T18:04:57Z,The Sun;news;breaking news;the sun newspaper;News Today;News Today UK;News UK;UK News;Politics;World News;Daily News;The Sun News;Will Russia invade finland;Finland Troop build up;Russia;Finland;Satellite images;Military buildup;Troop movement;Border security;NATO;Geopolitics;War;Conflict;Putin;Russian troops;Finnish border;Military activity;Breaking news;Russia-Finland relations;Russian military expansion;Border tensions;Military analysis,365669,3029,2149
Qyb4HZs_6ZI,Abrams and Leopard vs Russian T-90M Tank in the Ukraine War,"Abrams and Leopard vs Russian T-90M Tank in the Ukraine War

Have you ever seen Leopard and Abrams fighting together during the conflict in Ukraine?

Today, we will show you what Western tanks are capable of and compare them with the Russian army's T-90M battle tank.

#tanks #abrams #leopard #t90m #ukraine #russia #ukrainerussia #ukrainerussiawar #warinukraine #future #ukraineconflict",FUTURE,2025-05-12T11:46:59Z,tanks;ukraine news;about tanks;abrams;abrams tanks;leopard;t-90m;t-90m tanks;future;russia ukraine war;ukraine vs russia;ukraine war;ukraine;russia ukraine;leopard vs russian tanks;war in ukraine;russia vs ukraine war update;ukraine russia news;russia vs ukraine tanks;abrams tank;ukraine russia war;abrams in ukraine;tanks in ukraine;russia;leopard 2;future battles in ukraine leopard 2a6 t-90m;m1 abrams;russia ukraine tank;leopard tank,290766,5098,190
3-PQG9gOhXo,Top 5 Shocking Moments in the Russia-Ukraine War You Didn‚Äôt See Coming!,"Top 5 Shocking Moments in the Russia-Ukraine War You Didn‚Äôt See Coming - The Russia-Ukraine war has reshaped modern warfare in ways few predicted, with both sides adapting strategies and technology in a relentless struggle for advantage. This conflict reveals shocking twists that challenge traditional battle tactics and showcase new levels of military innovation. Watch the full video to uncover the surprising events that are changing the face of this ongoing war!

00:44 - Chapter 1: The Fall of Most Celebrate Armor
02:39 - Chapter 2: The First Patriot Missile System Taken Out
04:18 - Chapter 3: Oreshnik missile debut
05:53 - Chapter 4: Russia Glide Bomb Unleashed for the first time
06:48 - Chapter 5: F-16 fails in Ukraine.

Explore more in-depth insights on our website: https://defensefeeds.com
Sources: https://pastebin.com/1aTz4VpW

Subscribe Now : 
https://www.youtube.com/channel/UC0IlEuu4TA9wq1u60tLMqBw?sub_confirmation=1",Military TV,2025-05-16T14:00:08Z,Top 5 Shocking Moments in the Russia-Ukraine War You Didn‚Äôt See Coming;russia ukraine war moment;russia ukraine;russia ukraine top moment;shocking event of russia ukraine war;russia ukraine war;russia ukraine war update;russia;oreshnik russia missile;russia glide bomb;top 5 russia;leopard tank destroyed in ukraine;abram fail in ukraine;patriot destroyed in ukraine;f16 in ukraine;f16 fail in ukraine;ukraine;russia ukraine update today;war in ukraine;ukraine war,50567,1146,218
d8Ca7PCHhMU,"Russia urgently ""cancels May 9"" after massive Ukrainian drone attack","#Kanal13‚Äã #likekanal13‚Äã #subscribekanal13 #warinukraine
https://www.youtube.com/user/kanal13az?sub_confirmation=1 - SUBSCRIBE TO US!
The aggressor country is urgently changing its plans regarding propaganda events timed to coincide with May 9. Following the massive attack by Ukrainian drones on Russian territory, a wave of cancellations of events planned for the said date has begun in the Russian Federation,  Verstka  writes . The restrictions affected at least Moscow, the Moscow region, the Vladimir, Lipetsk, Vologda regions and Mordovia. Thus, in Yegoryevsk, the memorial service for the victims was moved from the cemetery to the church ""for safety reasons."" In Ramenskoye, a school performance was cancelled, and in the Pavlovsky Posad District, evening concerts were cancelled, while car rallies and flower-laying ceremonies were retained. In the Vladimir region, the Immortal Regiment march and an evening concert have been cancelled in Kirzhach due to the ""threat of a UAV crash"". Similar measures have been taken in the Lipetsk region, where events have been postponed indefinitely and some events have been transferred to an online format. In Mordovia, the gala concert has been postponed to May 15 ‚Äì officially due to ""Internet restrictions."" In the Vologda Region, bad weather was cited as the reason for postponing the events. In addition, performances by Russian artists who were unable to fly out of the Russian capital due to flight delays are being cancelled. 

Recall, Russia‚Äôs Defense Ministry has claimed its air defenses destroyed about 524 Ukrainian drones in a single day during what it called the most massive drone attack to date. The figure came after pro-war Russian military bloggers reported a record drone and missile assault on Russia overnight into May 7. The Z-affiliated Telegram channel Voevoda Veshchaet stated that 447 long-range drones and missiles had struck Russia between the evening of May 6 and early hours of May 7. The bloggers described it as the largest drone attack since the start of Russia‚Äôs full-scale invasion of Ukraine. During the night, Russian Telegram channels tracked swarms of drones headed toward Moscow via Ryazan, Tula and Oryol oblasts. Residents in the Moscow suburbs of Yegoryevsk and Kolomna reported hearing the sound of UAVs and explosions.

By morning, Russian airlines had begun mass cancellations and flight mergers, citing disruptions caused by the drone attacks.

Andrii Kovalenko, head of Ukraine‚Äôs Center for Counteracting Disinformation at the National Security and Defense Council, said a number of high-value targets within Russia‚Äôs military-industrial complex had been hit.

In Saransk, a fiber-optic systems plant was struck. In Tula, the attack targeted the Instrument Design Bureau. Another target was the Splav enterprise, a key developer of multiple launch rocket systems for the Russian military.
http://youtube.com/kanal13az/join - click here and support Kanal13 monthly for distributing more videos and independent journalism

http://t.me/kanal13tv & https://bit.ly/37BVMqU 
https://www.youtube.com/user/kanal13az?sub_confirmation=1
https://bit.ly/2Rs6MB3 
#lastminutenewsfromukraine #kanal13ukraine  
https://bit.ly/2V19Fdy

Click here and just subscribe to Kanal13 - https://www.youtube.com/user/kanal13az?sub_confirmation=1

https://www.youtube.com/KANAL13AZ/join
*ATTENTION: If you woul like to contact with US please, write to +49176 75077516 WhatsApp

‚ñå‚ñå‚ñ∫Website: http://kanal13.tv/
http://www.facebook.com/tvkanal13
https://twitter.com/Kanal13Az
https://www.instagram.com/kanal13.az

Click & Subscribe to the main youtube Channel

¬© KANAL13 [ Az…ôrbaycanƒ±n ilk pe≈ü…ôkar internet televiziyasƒ± ] The First Internet TV of Azerbaijan

Tags: #Ukriane, #Russia, #Putin, #Putler, #Russian invasion of Ukraine, #Zelenski, #Kiev, #Kyiv, #Kadirov army, #Kadirov, #Kherson, #Bucha, #Kharkiv, #Ukrainian pilots, #vagners, #Russian tanks, #NATO, #drones, #Moscow, #Kreml, #war victims #Ukraina, News, The Washington Post, waPo Video, Washington Post Video, Washington Post YouTube, a:politics, aid, biden, putin, s:Politics, support, t:Other, Ukraine, war, fact check, news coverage, Donald Trump, news, wp video, forbes, nytimes, newspaper, media, journalism, Ilham Aliyev, Baku, Azerbaijan, Israel, Gaza, Palestine, Tel-Aviv, Garabag, Karabakh, football, ronaldo, messi, brian tyler cohen",Kanal13,2025-05-08T12:55:06Z,Russia;Putin;Putler;Russian invasion of Ukraine;Zelenski;Kiev;Kyiv;Kadirov army;Kadirov;Kherson;Bucha;Kharkiv;Ukrainian pilots;vagners;Russian tanks;NATO;drones;Moscow;Kreml;war victims Ukraina;U.S. congress;U.S Senat;biden;trump;Donald Trump;US elections;Wray Over Agents' Abuses;Washington Post;nytimes;foreignpolicy;capitol hill;WaPo Videos;politics;latest news;Republican Speaker;US news;president elections U.S.;america elections;fake news politics;forbes,193798,5696,547
WEVwY3XkTrI,North Korea confirms it sent troops to fight for Russia in Ukraine war | BBC News,"North Korea has for the first time confirmed that it sent troops to fight for Russia against Ukraine.
 
In a report on state news agency KCNA, Pyongyang's military claimed its soldiers helped Russian forces ""completely liberate"" the Kursk border region, according to an order given by leader Kim Jong Un.
 
Pyongyang's announcement comes just days after Russian Chief of Staff Valery Gerasimov praised the ""heroism"" of North Korean troops, the first time Moscow has publicly acknowledged their involvement.
 
Western officials had earlier told the BBC they believed at least 1,000 of the 11,000 troops sent from North Korea had been killed over three months.

Subscribe here: http://bit.ly/1rbfUog

For more news, analysis and features visit: www.bbc.com/news 

#NorthKorea  #Russia #Ukraine #BBCNews",BBC News,2025-04-28T09:32:41Z,bbc;bbc news;news;world news;breaking news;us news;world;america;usa;usa news;india news,304223,3501,2236
vo0ZeCI6niU,Xi's Troops To Help Putin's Men In Ukraine War? China Military Says 'Ready To Strengthen...',"China has said that it is ready to ""expand practical cooperation"" with the Russian army. The announcement comes days after Chinese president Xi Jinping visited Moscow to attend the Victory Day Parade presided by Russia president Vladimir Putin. Jinping's Moscow visit was condemned by Ukraine's allies, who accused Beijing of giving Moscow economic and political cover to wage a war of aggression.

#China #XiJinping #Russia #ChinaRussia #Moscow #Beijing #Ukraine

Times Of India (TOI) Is The Largest Selling English Daily In The World. 

Times Of India Videos Bring You Global News, Views And Sharp Analysis. We Track India's Global Rise, Her Increasing Engagement With The World, The Changing Geopolitical Landscape Amid Conflicts And Wars And The Emerging World Order.  

INTERNATIONAL NEWS | GLOBAL CONFLICTS | MIDDLE EAST WAR | CHANGING WORLD ORDER #TOILive | #TOIVideos 

Subscribe to the Times Of India YT channel and press the bell icon to get notified when we go live.

Visit our website https://www.timesofindia.com/
Follow us on X/ @timesofindia  
Facebook: https://www.facebook.com/TimesofIndia
Instagram: https://www.instagram.com/timesofindia/
Download the app: http://toi.in/3SLUCa80
Follow the TOI WhatsApp channel: https://bit.ly/3RYl0J9

For daily news & updates and exclusive stories, follow the Times of India",Times Of India,2025-05-15T15:10:55Z,times of india;toi;latest news;news;news today;latest news today;trending news;viral news;viral video;times news;english news;live news;China Russia;Xi Jinping;Vladimir Putin;Russia;China;Ukraine war;Russia Ukraine War,48991,672,264
UMK31FF2kn0,"Trump, Zelensky Shocked? Putin Gives Stunning Answer On 'Reunifying' Ukrainian Parts Into Russia","Just days before the May 9 Victory Day parade, Russian President Vladimir Putin stuns the world by calling reconciliation with Ukraine ‚Äúinevitable.‚Äù In a dramatic documentary interview, Putin blames the West for betrayal over the Minsk accords and claims the Ukraine war is nearing a ‚Äúlogical conclusion.‚Äù As Zelensky warns foreign leaders against visiting Moscow, Putin‚Äôs comments fuel speculation of a major shift. Is peace possible‚Äîor a bigger war coming?

INTERNATIONAL NEWS

#Putin #Ukraine #VictoryDay #Peace #RussiaUkraineWar #Zelensky #Ceasefire

Hindustan Times Videos brings all the News for the Global Indian under one umbrella. We break down news from across the globe from the unique lens of a Rising India. Tune in for Explainers, Opinions, Analysis and a 360 degree view of big events in India and the World which impact your present and future. 

Follow the Hindustan Times Channel on WhatsApp for News Alerts, Top Stories and Editor picks. Join Us Today - https://www.bit.ly/3PQ4kSv

Subscribe to the Hindustan Times YT channel and press the bell icon to get notified when we go live.

Visit our website https://www.hindustantimes.com/
Follow us on Twitter https://twitter.com/htTweets
Follow us on Facebook https://www.facebook.com/hindustantimes",Hindustan Times,2025-05-05T16:19:07Z,Vladimir Putin;Zelensky;Russia;Ukraine Russia reconciliation;Victory Day Moscow;May 9 Russia parade;Ukraine;russia ukraine war;ukraine war;ukraine russia war;war in ukraine;russia ukraine war live;russia ukraine war update;russia;russia vs ukraine war;russia ukraine war news;russia vs ukraine;ukraine;ukraine russia;war victims ukraina;russia ukraine news;ukraine vs russia;russia war ukraine;russian invasion of ukraine;russian ukraine war,322900,5235,1060
MKUoxHcGhbI,President Zelenskyy lands in Turkey ahead of Russia-Ukraine talks,"Live from Ankara Airport as Ukrainian President Volodymyr Zelenskyy arrives in Turkey.

Read more on the Sky News website: https://news.sky.com/story/ukraine-war-latest-peace-talks-one-step-closer-as-zelenskyy-agrees-to-meet-putin-12541713

#Russia #Zelenskyy #Putin 

SUBSCRIBE to our YouTube channel for more videos: http://www.youtube.com/skynews 
Follow us on Twitter: https://twitter.com/skynews 
Like us on Facebook: https://www.facebook.com/skynews 
Follow us on Instagram: https://www.instagram.com/skynews 
Follow us on TikTok: https://www.tiktok.com/@skynews 

For more content go to http://news.sky.com and download our apps: Apple https://itunes.apple.com/gb/app/sky-news/id316391924?mt=8 Android https://play.google.com/store/apps/details?id=com.bskyb.skynews.android&hl=en_GB 

Sky News Daily podcast is available for free here: https://podfollow.com/skynewsdaily/ 

Sky News videos are now available in Spanish here/Los video de Sky News est√°n disponibles en espa√±ol aqu√≠: https://www.youtube.com/channel/UCzG5BnqHO8oNlrPDW9CYJog 

To enquire about licensing Sky News content, you can find more information here: https://news.sky.com/info/library-sales",Sky News,2025-05-15T09:30:42Z,,78320,834,335
vzGqN89ifBI,Abrams and Leopard vs. Russian Tank T-90M. Western Tanks in the War in Ukraine,"Western tanks ‚Äî Leopard 2, Abrams M1, Challenger 2 ‚Äî and the Bradley IFV are taking part in real combat in Ukraine.

In this video, we show why their armor protection, firepower, and crew
survivability make them unmatched by Russia‚Äôs flagship T-90M.

Tank comparisons, destroyed columns, FPV drones, armored duels, and raw
frontline footage ‚Äî all reveal why Western armor dominates the battlefield today.

#united24media #united24 #united24fightforfreedom #united24reports

üá∫üá¶ Firsthand news from the epicenter of global events

üëã Like our content? Become our sponsor and get even more: https://www.youtube.com/channel/UCX-xHRN9CnoXto5gcPskANA/join
‚ùóÔ∏èNews & Analysis: https://united24media.com/
üëã News on Ukraine and Ukrainian perspective on global security https://www.youtube.com/@United24News 
üí™ When fighting for freedom, every penny counts. Donate to support Ukraine now on https://u24.gov.ua/uk 

‚úâÔ∏è For collaborations, ideas & questions: welcome@u24.media",UNITED24,2025-05-08T16:36:46Z,Abrams;Abrams in Ukraine;Abrams on battlefield;Abrams tank;Bradley;Bradley IFV;Bradley in combat;Bradley vs BTR;FPV drone attack;FPV vs tank;Leopard;Leopard 2;Leopard in action;Leopard tank;Leopard vs Russian tanks;M1 Abrams;M2 Bradley;NATO equipment;Russian tank losses;T-90M;Ukraine conflict;Ukrainian armor;armored warfare;battlefield;combat video;drone war;frontline;helmet cam;modern warfare;real war;tank combat;tank destruction;war footage,1756300,31054,1381
MyO3ObbxxeM,Putin MELTS DOWN as Ukraine‚Äôs Drones HIT Moscow HARD,"Ukraine's drone strike on Moscow shut down 4 airports just days before Putin‚Äôs May 9 parade, sending a chilling message to the Kremlin and world leaders alike. Was this a warning shot‚Äîor just the beginning? We're breaking down what Ukraine‚Äôs bold move really means.

Support us directly as we bring you independent, up-to-date reporting on military news and global conflicts by clicking here: https://www.youtube.com/channel/UCKfak8fBm_Lhy4eX9UKxEpA/join

#militarystrategy #militarydevelopments #militaryanalysis
#themilitaryshow

SOURCES: https://pastebin.com/uWXjugzV",The Military Show,2025-05-08T17:03:48Z,military;navy;army;air force,1282150,27070,1528
wFhpVSgmm2I,"Russia-Ukraine peace talks end after less than 2 hours in Istanbul, officials say ‚Ä¢ FRANCE 24","The first direct peace talks between Russia and Ukraine since Moscow‚Äôs 2022 invasion ended in under two hours, according to Turkey and a senior Ukrainian official. Kyiv accused Moscow of introducing ‚Äúunacceptable demands,‚Äù including the withdrawal of Ukrainian forces from large areas of territory. Here's FRANCE 24's journalists analyses.
#Ukraine #peace

üîî Subscribe to France 24 now: https://f24.my/YTen
üî¥ LIVE - Watch FRANCE 24 English 24/7 here: https://f24.my/YTliveEN

üåç Read the latest International News and Top Stories: https://www.france24.com/en/

Like us on Facebook: https://f24.my/FBen
Follow us on X: https://f24.my/Xen
Bluesky: https://f24.my/BSen and Threads: https://f24.my/THen
Browse the news in pictures on Instagram: https://f24.my/IGen
Discover our TikTok videos: https://f24.my/TKen
Get the latest top stories on Telegram: https://f24.my/TGen",FRANCE 24 English,2025-05-16T14:31:20Z,Donald Trump;Istanbul;Kyiv;Moscow;Russia;Turkey;Ukraine;Vladimir Putin;Volodymyr Zelensky;Washington;White House;Zelensky;diplomacy;international politics;peace talks;russian invasion;talks;war in Ukraine,32394,433,245
1S8HTZOt4Us,Putin To Punish Ukraine If Istanbul Talks Fail? Big Russian Military Reshuffle Sparks Speculation,"Just before critical Russia-Ukraine peace talks in Istanbul, Putin shocks the world by firing his land forces chief, Oleg Salyukov. The talks, originally scheduled for May 15, have now been pushed to Friday. Ukraine‚Äôs President Zelensky, already in Turkey, voiced concern over the delay. As new delegations prepare, all eyes are on Istanbul. Can diplomacy prevail amid reshuffles and high-level signals?


INTERNATIONAL NEWS


#Putin #Russia #Ukraine #PeaceTalks #Salyukov #MilitaryShakeup #Istanbul #Zelensky #Shoigu



Hindustan Times Videos brings all the News for the Global Indian under one umbrella. We break down news from across the globe from the unique lens of a Rising India. Tune in for Explainers, Opinions, Analysis and a 360 degree view of big events in India and the World which impact your present and future. 

Follow the Hindustan Times Channel on WhatsApp for News Alerts, Top Stories and Editor picks. Join Us Today - https://www.bit.ly/3PQ4kSv

Subscribe to the Hindustan Times YT channel and press the bell icon to get notified when we go live.

Visit our website https://www.hindustantimes.com/
Follow us on Twitter https://twitter.com/htTweets
Follow us on Facebook https://www.facebook.com/hindustantimes",Hindustan Times,2025-05-16T02:33:22Z,Putin sacks Salyukov;Russia land forces chief fired;Russia Ukraine peace talks Istanbul;Salyukov Shoigu Putin;Kremlin military reshuffle;Zelensky Erdogan Turkey;Istanbul peace talks delay;Russia Ukraine negotiations;Russian military changes;Salyukov battlefield setbacks;Putin Shoigu news;Ukraine defense minister Umerov;Vladimir Medinsky Russia;Russia Ukraine war update;Kremlin peace talks;Istanbul negotiations news;Putin Zelensky meeting;Russian MoD shakeup,30422,694,93
ttb3Iwx0W7c,Putin not attending war talks with Ukraine that he himself proposed,"Vladimir Putin was not included in a list released by the Kremlin of who will attend discussions between Russia and Ukraine in Turkey. The talks were first proposed by Putin in response to the ceasefire-or-sanctions ultimatum given to Moscow by Ukraine‚Äôs European allies, when the leaders of Germany, France, Poland and the United Kingdom demanded that Russia accept a 30-day ceasefire proposal or face a new round of ‚Äúmassive‚Äù sanctions. #CNN #News",CNN,2025-05-14T21:48:43Z,,207979,2307,2225
PBajrPiEX4g,"Russia's Checkmate, Zelensky Out of Options Now? Putin's Top Man Drops Final Peace Terms To Stop War","A historic summit between Russian President Vladimir Putin and Ukrainian President Volodymyr Zelensky could be on the horizon, as Moscow signals its willingness to meet if concrete agreements are reached in ongoing peace talks. Following the first direct negotiations between Russia and Ukraine since 2022-held in Istanbul and mediated by Turkey-Kremlin spokesman Dmitry Peskov stated that a Putin-Zelensky meeting is possible, but only after both sides‚Äô delegations finalize specific terms. Watch for more

INTERNATIONAL NEWS

#PutinZelenskyMeet #RussiaUkraineTalks #RussiaUkraineWar #UkraineWar #Moscow #Ukraine #Kyiv #NATO #Kremlin #CeasefireNegotiations #IstanbulTalks #TurkeyMediation #VolodymyrZelensky #VladimirPutin #RussianMilitary #UkrainePeaceDeal #DonaldTrump #MarcoRubio #PrisonerSwap #MartialLawUkraine #RussiaUSTalks #VladimirMedinsky #DmitryPeskov #RussiaUkraineConflict #Washington #TrumpAdministration

Hindustan Times Videos brings all the News for the Global Indian under one umbrella. We break down news from across the globe from the unique lens of a Rising India. Tune in for Explainers, Opinions, Analysis and a 360 degree view of big events in India and the World which impact your present and future. 

Follow the Hindustan Times Channel on WhatsApp for News Alerts, Top Stories and Editor picks. Join Us Today - https://www.bit.ly/3PQ4kSv

Subscribe to the Hindustan Times YT channel and press the bell icon to get notified when we go live.

Visit our website https://www.hindustantimes.com/
Follow us on Twitter https://twitter.com/htTweets
Follow us on Facebook https://www.facebook.com/hindustantimes",Hindustan Times,2025-05-17T12:28:08Z,english news;news;ht;world news;Putin Zelensky Meet;Russia Ukraine talks;Russia Ukraine war;Ukraine war;Moscow;Ukraine;Kyiv;NATO;Kremlin;ceasefire negotiations;Istanbul talks;Turkey mediation;Volodymyr Zelensky;Vladimir Putin;Russian military;Ukraine peace deal;Donald Trump;Marco Rubio;prisoner swap;martial law Ukraine;Russia US talks;Vladimir Medinsky;Dmitry Peskov;Russia Ukraine conflict;Washington;Trump Administration,202121,2063,527
RHk_gYw9smA,"BREAKING: Russia-Ukraine end peace talks after 2 hours, agree to exchange 1,000 prisoners","The first direct peace talks between Russia and Ukraine since the early weeks of Moscow‚Äôs 2022 invasion ended Friday after less than two hours, and a senior Ukrainian official said the Russian side introduced new ‚Äúunacceptable demands.‚Äù AP reports, before they adjourned, Kyiv and Moscow agreed to exchange 1,000 prisoners of war each, according to the heads of both delegations, in what would be their biggest such swap since the war began.

Subscribe to LiveNOW from FOX! https://www.youtube.com/livenowfox?sub_confirmation=1
Where to watch LiveNOW from FOX: https://www.livenowfox.com/
Follow us @LiveNOWFOX on Twitter: https://twitter.com/livenowfox

Raw and unfiltered. Watch a non-stop stream of breaking news, live events and stories across the nation. Limited commentary. No opinion. Experience LiveNOW from FOX.",LiveNOW from FOX,2025-05-16T15:01:18Z,russiqa;russia ukraine;ukraine flag;russia v ukraine;news;ukraine;news ukraine;war in ukraine;trump;trump ukraine,181100,1295,466
gBmUp4OvEC0,Russia-Ukraine War: Zelensky Urges Trump To Meet With Putin Happen | WION,"In a significant development, Russian President Vladimir Putin has offered Ukraine the opportunity to restart peace talks without preconditions, proposing Turkey as the meeting venue. In response, Ukrainian President Volodymyr Zelensky has expressed a desire for a ceasefire and welcomed Putin to Turkey for dialogues. Both leaders have not met face-to-face since 2019, raising questions about the feasibility of these peace talks.¬†

#russia #ukraine #wion 

About Channel: 

WION The World is One News examines global issues with in-depth analysis. We provide much more than the news of the day. Our aim is to empower people to explore their world. With our Global headquarters in New Delhi, we bring you news on the hour, by the hour. We deliver information that is not biased. We are journalists who are neutral to the core and non-partisan when it comes to world politics. People are tired of biased reportage and we stand for a globalized united world. So for us, the World is truly One.
 
Please keep discussions on this channel clean and respectful and refrain from using racist or sexist slurs and personal insults.

Subscribe to our channel at https://goo.gl/JfY3NI
Check out our website: http://www.wionews.com
Join our WhatsApp Channel: https://bit.ly/455YOQ0
Connect with us on our social media handles:
Facebook: https://www.facebook.com/WIONews
Twitter: https://twitter.com/WIONews
Instagram: https://www.instagram.com/wionews/
Follow us on Google News for the latest updates

Zee News:- https://bit.ly/2Ac5G60
Zee Business:- https://bit.ly/36vI2xa
DNA India:- https://bit.ly/2ZDuLRY
WION: https://bit.ly/3gnDb5J
Zee News Apps: https://bit.ly/ZeeNewsApps",WION,2025-05-14T02:41:03Z,russia ukraine war;ukraine conflict;russia invasion 2022;ukraine war news;russia attack ukraine;putin ukraine war;zelensky news;donbas conflict;ukraine frontline;nato russia tension;war in europe;russian military;ukraine defense;kyiv under attack;russia sanctions;ukrainian army;russia ukraine updates;ukraine crisis;eastern europe conflict;war news today;zelensky;trump;trump zelensky;russia ukraine war news;wion news;wion,19792,112,96
6dUDjbvxpMA,"Russian drone attack on Ukraine bus kills nine, officials say | BBC News","Local officials say nine people have been killed in a Russian drone attack on a civilian bus in north-eastern Ukraine.

The Sumy regional military administration said four other people were injured in the town of Bilopillia on Saturday morning as the bus travelled to the regional capital Sumy, close to Russia's border. 

The reported attack comes just hours after Russia and Ukraine held their first direct peace talks since 2022 - no breakthrough was achieved, although a swap of prisoners of war was agreed. 

Ukraine's national police described the bus attack as a ""cynical war crime"". Russia has not commented directly but said it had hit a ""military staging area"" in Sumy.

Subscribe here: http://bit.ly/1rbfUog

For more news, analysis and features visit: www.bbc.com/news 

#Ukraine #BBCNews",BBC News,2025-05-17T07:30:33Z,bbc;bbc news;news;world news;breaking news;us news;world;america;usa;usa news;india news,66035,632,909
rX9pEga5e5A,"Putin Army's Huge War Victory Just Days Before Turkey Talks; Zelensky Panics?| Trump,Russia,Ukraine","Russia on May 12 claimed the capture of Kotlyarovka town in the Donetsk region. Latest gain for Russia was reported by Russian Ministry of Defense. Russia also reported inflicting mass casualties on Ukraine side amid raging war. Watch for more details.

INTERNATIONAL NEWS

#Russia #Ukraine #Putin #Zelensky #HindustanTimes




Hindustan Times Videos brings all the News for the Global Indian under one umbrella. We break down news from across the globe from the unique lens of a Rising India. Tune in for Explainers, Opinions, Analysis and a 360 degree view of big events in India and the World which impact your present and future. 

Follow the Hindustan Times Channel on WhatsApp for News Alerts, Top Stories and Editor picks. Join Us Today - https://www.bit.ly/3PQ4kSv

Subscribe to the Hindustan Times YT channel and press the bell icon to get notified when we go live.

Visit our website https://www.hindustantimes.com/
Follow us on Twitter https://twitter.com/htTweets
Follow us on Facebook https://www.facebook.com/hindustantimes",Hindustan Times,2025-05-13T10:01:18Z,russia;russia captures donetsk village;russia ukraine war;donetsk;russia captures donetsk;russia ukraine war russian;ukraine russia war;russia ukraine news;russia ukraine;ukraine russia;ukraine russia news;russia vs ukraine war update;russia ukraine conflict;russia ukraine war news;russia vs ukraine;russia war ukraine;russia ukraine war update;russia ukraine war live;russia captures donetsk and luhansk;russia ukraine war map,40588,633,263
HCLzN8Xprbk,What Russia Plans for Ukraine? #russia #ukraine #russiaukrainewar #russiavsukraine #ukrainewar,What if Ukraine loses the war against Russia? Former Russian president Dmitry Medvedev recently unveiled a map of what he believes the region's borders will look like.,Ghost Countries,2024-05-11T13:45:01Z,dmitry medvedev;ghost countries;geography;geopolitics;russia;ukraine;russiaukrainewar;didyouknow;border;borders;kiev;moscow;kyiv,1879369,61158,5108
mK7vxYdaIxU,üî¥ Ukraine War Update - Ukrainians In Heavy Close Combat With Russian Soldiers - GoPro Ambush,"‚û§ Watch the FULL version HERE: https://t.me/WarleaksMember_bot
‚û§ Apply as Writer/Researcher: https://forms.gle/cY3XJVduJGqBdZo78
‚û§ Apply as Video Editor: https://forms.gle/vH1jSyupTjpw9Yb57

In this Ukraine war update we take a look at a lot of released helmet cam and drone footage from the frontlines of the war in Ukraine including a Ukrainian point -blank ambush on a Russian soldier in Toreskt, an intense encounter between an international fighter with a Russian soldier who is mistaken for a Ukrainian, Russian helmet cam footage from the storming of Sudzha, Kursk, Ukraines new invasion in to Belgorod, Russias new southern front offensive and much more.

As always the footage comes with detailed commentary and structure to add more meaningful context to the events and provide documentary, educational, and scientific value.

#Ukraine #war #update 

WarLeaks - Military Blog covers events, news, missions & facts from the United States Armed Forces including the U.S. Army, U.S. Navy,  U.S. Marine Corps, Air Force, Coast Guard and more! Furthermore you will find content about military weapons, weapon systems and technology here. All footage on this channel is footage the WarLeaks has permission to use or consists of  derivative works created by the WarLeaks - Military Blog for educational and informational purposes. The appearance of U.S. Department of Defense visual information on the WarLeaks - Military Blog does not imply or constitute Department of Defense endorsement.

‚ñ∫SUBSCRIBE to the WarLeaks - Military Blog for more military videos: http://bit.ly/Nnic4n

‚ñ∫FOLLOW WARLEAKS on INSTAGRAM at https://instagram.com/WARLEAKSOFFICIAL

‚ñ∫FOLLOW WARLEAKS on FACEBOOK at https://FB.com/WARLEAKER

If you like military content please remember to leave a Like & Comment or even Share the video. It means a lot. Thanks!",WarLeaks - Military Blog,2025-04-27T13:01:27Z,ukraine war update;russia vs ukraine war update;update on ukraine war;russia ukraine war update;ukraine update;ukraine;war;update;ukraine war;ukraine war report;ukraine report;russia ukraine conflict;russia ukraine conflict update;ukraine conflict update;ukraine war news;ukrainian point-blank ambush on russian soldier;ukrainian close range ambush on helmet cam;ukrainian soldier ambush russian soldiers;international fighter ukraine combat;warleaks;helmet cam,841138,29723,702
Ej9QgA6HQYQ,Peace talks between Ukraine and Russia take place in Turkey | BBC News,"Officials from Ukraine and Russia will meet today in Istanbul, Turkey for peace talks.
 
Ukrainian President Volodymyr Zelensky is attending the negotiations, but criticised the ""low-level"" delegation being sent by Moscow as Russian President Vladimir Putin will not be there.
 
US President Donald Trump suggested that significant progress in peace talks was unlikely until he and Putin met in person.
 
Subscribe here: http://bit.ly/1rbfUog
 
For more news, analysis and features visit: www.bbc.com/news
 
#Russia #Ukraine #BBCNews",BBC News,2025-05-16T09:40:35Z,bbc;bbc news;news;world news;breaking news;us news;world;america;usa;usa news;india news;Ukraine;Russia;US,195291,1987,1308
xQao6l_y714,Ukraine Is Using Robot Attack Dogs Against Russia | War on Tape | Daily Mail,"It looks like something out of science fiction but is in fact terrifyingly real - a robot dog being used by the Ukrainians to help fight the Russians. The Khartiia Brigade, which considers itself a model unit for the future Ukrainian army, has employed the dog on combat missions as a scout, using it to navigate minefields and map enemy trenches. 

But this is just the beginning - already, some people are experimenting with attaching weapons to it, and integrating AI would allow the dog to identify and attack its own targets. Which begs the question: Is this the future of war? Allow War on Tape to explain.

#warontape #russia #ukraine #dailymail #military #robotics 
 
Daily Mail Website: https://www.dailymail.co.uk
Daily Mail Facebook: https://facebook.com/dailymail
Daily Mail IG: https://instagram.com/dailymail
Daily Mail Snap: https://snapchat.com/discover/Daily-Ma...
Daily Mail Twitter: https://twitter.com/MailOnline

Daily Mail Pinterest: https://pinterest.co.uk/dailymail
 
Get the free Daily Mail mobile app: https://dailymail.co.uk/mobile",Daily Mail World,2025-05-14T19:56:49Z,Daily Mail;daily mail video;daily mail shows;war on tape;daily mail war on tape;ukraine;russia;ukraine russia war;robotics;robot attack dogs;robot dogs,289609,6855,818
k7WHP9UPq24,RUSSIA vs UKRAINE - 2 Years Later,"When Russia began its full-scale invasion of Ukraine back in 2022, the world stood by in terror as the initial fear was that the capital Kyiv, and then the country, might fall in a matter of days. This was due to a variety of factors including a much smaller military, economy, and less advanced equipment than what the Russian military initially possessed. But Ukraine proved the world wrong. So, with all that has happened since then, how do Ukraine and Russia compare with each other now 2 years into this bloody conflict? Watch right now and find out!


üîî SUBSCRIBE TO THE INFOGRAPHICS SHOW ‚ñ∫ https://www.youtube.com/c/theinfographicsshowOFFICIAL?sub_confirmation=1

üîñ MY SOCIAL PAGES
TikTok ‚ñ∫ https://www.tiktok.com/@theinfographicsshow
Discord ‚ñ∫ https://discord.gg/theinfoshow
Facebook ‚ñ∫ https://www.facebook.com/TheInfographicsShow
Twitter ‚ñ∫ https://twitter.com/TheInfoShow


üí≠ Find more interesting stuff on:
https://www.theinfographicsshow.com


üìù SOURCES:https://pastebin.com/EivwM1e1

All videos are based on publicly available information unless otherwise noted.

Our Secret Weapon for growing on YouTube ‚ûº https://vidiq.com/theinfoshow/",The Infographics Show,2024-02-25T20:15:02Z,,631492,14013,2001
mguPodqxKRs,Russia-Ukraine peace talks: Inside new details about negotiations,"Delegations from the United States, Russia and Ukraine are meeting in Turkey on Friday for the first face-to-face meeting between Russia and Ukraine officials in more than three years. While Trump, Putin and Zelenskyy are not in the meeting, NBC‚Äôs Keir Simmons reports for TODAY on new details of the negotiations.

¬ª Subscribe to TODAY: https://www.youtube.com/@TODAY

About: TODAY brings you the latest headlines and expert tips on money, health and parenting. We wake up every morning to give you and your family all you need to start your day. If it matters to you, it matters to us. We are in the people business. Subscribe to our channel for exclusive TODAY archival footage & our original web series.

Connect with TODAY Online!
Visit TODAY's Website: https://www.today.com/
Find TODAY on Facebook: https://www.facebook.com/today
Follow TODAY on Twitter: https://twitter.com/TODAYshow
Follow TODAY on Instagram: https://www.instagram.com/todayshow/

¬ª Stream TODAY All Day: https://www.today.com/allday
About: TODAY All Day is a 24/7 streaming channel bringing you the top stories in news and pop culture, celebrity interviews, cooking, and more. All in one place.

#russia #ukraine #worldnews",TODAY,2025-05-16T12:31:59Z,Al Roker;Entertainment;Food;Health;Hoda Kotb;Home;International News;Money;Natalie Morales;Savannah Gutherie;Sports;Style;Today;Today Show;breaking news;concerts;domestic news;interviews;media;parents;pets;politics;shopping;weather,50846,258,152
9eUQhndrFIU,Zelensky To Lose War Even Before Turkey Talks End? Big Win For Putin Ahead Of Ukraine-Russia Parley,"Russian MoD on May 15 claimed the capture of two Donetsk towns over the past day. Russia claimed its forces captured Torskoye & Novoaleksandrovka in Donetsk region. Russia also reported inflicting mass casualties on the Ukraine side amid raging war. Watch here.

INTERNATIONAL NEWS

#russia #ukraine #trump #zelensky #putin #turkey #hindustantimes 


Hindustan Times Videos brings all the News for the Global Indian under one umbrella. We break down news from across the globe from the unique lens of a Rising India. Tune in for Explainers, Opinions, Analysis and a 360 degree view of big events in India and the World which impact your present and future. 

Follow the Hindustan Times Channel on WhatsApp for News Alerts, Top Stories and Editor picks. Join Us Today - https://www.bit.ly/3PQ4kSv

Subscribe to the Hindustan Times YT channel and press the bell icon to get notified when we go live.

Visit our website https://www.hindustantimes.com/
Follow us on Twitter https://twitter.com/htTweets
Follow us on Facebook https://www.facebook.com/hindustantimes",Hindustan Times,2025-05-16T10:45:07Z,ukraine;russia;us;zelensky;putin;trump;russia vs ukraine;russia ukraine war updates;moscow news;trump's ukraine aid;kursk news;russia attack on ukraine;zelensky news;putin news;russia news;ukraine news;trump news;ukraine war;trump halts ukraine aid;kursk battle;russian army;putin vs zelensky;ukraine latest updates;trump ukraine policy;us military aid;russia ukraine war news;trump vs nato;ht;ht news;hindustan times;news;world news;war,19670,283,73
kuyWr49akWg,Russia Vs Ukraine War Update | Russia Ukraine News | Ukraine Gives A Tough Fight | English News,"Russia Vs Ukraine War Update | Russia Ukraine News | Ukraine Gives A Tough Fight | English News

#russiaukrainewar #russiavsukraine #englishnews 


n18oc_world",CNN-News18,2022-11-30T18:40:07Z,ukraine;nato;ukraine war;war in ukraine;ukraine news;russia ukraine war;nato ukraine;ukraine nato;ukraine on nato membership;ukraine russia;ukraine russia war;ukraine russia news;russia ukraine;ukraine nato status;ukraine president on nato membership;ukraine nato accession;russia ukraine conflict;putin ukraine;russia vs ukraine;nato membership;ukraine winter;membership;nato members;ukraine to nato;nato member;ukraine war nato;news18 live,2969,25,24
-YgiPmimywA,What if Ukraine Loses? #russia #ukraine #russiaukrainewar #russiavsukraine #ukrainewar,What if Ukraine loses the war against Russia? Here's a few possible scenarios.,Ghost Countries,2024-11-16T13:45:00Z,ghost countries;geography;geopolitics;russia;ukraine;russiaukrainewar;didyouknow;border;borders;kiev;moscow;kyiv;donbass;what if ukraine loses;what if russia wins the war in ukraine;what if russia won the war in ukraine;what if ukraine lost,31805,587,61
Qwvk1Om4cEM,Russia Ukraine LIVE Updates | Russia Vs Ukraine | Russia Attacks Kherson | English News LIVE,"Russia Ukraine LIVE Updates | Russia Vs Ukraine | Russia Attacks Kherson | English News LIVE

Ukraine‚Äôs liberation of Kherson and the jubilant scenes of celebration on the streets of the newly freed territory have rightly dominated headlines across the world.

Visiting Kherson, Ukrainian President Volodymyr Zelensky said that Ukraine‚Äôs victory over Russia in the region represents ‚Äúthe beginning of the end of the war.‚Äù

#russiaukrainewar #russiavsukraine #kherson #englishnewslive

n18oc_world",CNN-News18,2022-11-27T09:54:07Z,russia ukraine war;ukraine russia war;russia ukraine;ukraine russia;russia ukraine war russian;russia ukraine news;ukraine russia news;russia ukraine war news;russia vs ukraine;russia ukraine conflict;russia;russia war ukraine;ukraine;russia ukraine war update;ukraine war;ukraine russian;russian ukraine war;russia vs ukraine war update;war in ukraine;russian ukraine news;ukraine news;ukraine war news;russia war;russia ukraine update,33176,250,19
